FIRST_NAME,MIDDLE_INITIAL,LAST_NAME,DEPARTMENT
CHRISTOPHER,,ABBOTT,PSYCHIATRY & BEHAVIORAL SCIENCES
DIANA,BURNHAM,ABOYTES,DENTAL MEDICINE
SHIRLEY,M,ABRAHAM,PEDIATRICS
SWALA,K,ABRAMS,PSYCHIATRY & BEHAVIORAL SCIENCES
JAVIER,,ACEVES,PEDIATRICS
ABINASH,P,ACHREKAR,INTERNAL MEDICINE
SYLVIA,J,ACOSTA,PEDIATRICS
JOHN,C,ADAIR,NEUROLOGY
SARAH,F,ADAMS,OBSTETRICS & GYNECOLOGY
WILLIAM,M,ADLER,INTERNAL MEDICINE
ALLEN,B,ADOLPHE,INTERNAL MEDICINE
NATALIE,L,ADOLPHI,BIOCHEMISTRY & MOLECULAR BIOLOGY
PAUL,,AFEK,FAMILY & COMMUNITY MEDICINE
HEMANT,S,AGARWAL,PEDIATRICS
IRENE,,AGOSTINI,EMERGENCY MEDICINE
HUMAA,,AHMED,DERMATOLOGY
SHOZAB,,AHMED,INTERNAL MEDICINE
OMAR,,AKBIK,NEUROSURGERY
RANA,,AL-SADI,INTERNAL MEDICINE
EDUARDO,A,ALAS,INTERNAL MEDICINE
MARGARET,A,ALBA,PATHOLOGY
FRANCES,M,ALBA,SURGERY
DANIELLE,,ALBRIGHT,EMERGENCY MEDICINE
JOE,,ALCOCK,EMERGENCY MEDICINE
JOSEPH,M,ALCORN,INTERNAL MEDICINE
SYLVIA,G,ALDEN,EMERGENCY MEDICINE
TARIK,ZM,ALHMOUD,INTERNAL MEDICINE
ANDREA,M,ALLAN,NEUROSCIENCES
SARAH,E,ALLEN,INTERNAL MEDICINE
RANA,,ALSADI,INTERNAL MEDICINE
DEBORAH,B,ALTSCHUL,PSYCHIATRY & BEHAVIORAL SCIENCES
ROBERT,L,ALUNDAY,NEUROSURGERY
DALE,C,ALVERSON,PEDIATRICS
THERESA,M,ANAYA,PEDIATRICS
TERESA,T,ANDERSON,PEDIATRICS
ROBERT,J,ANDREWS,INTERNAL MEDICINE
NICHOLAS,L,ANDREWS,OBSTETRICS & GYNECOLOGY
RONALD,P,ANDREWS,ORTHOPAEDICS
ALLAN,F,ANFINSON,PEDIATRICS
CLAUDIA,J,ANISON,INTERNAL MEDICINE
KRESTA,,ANTILLON,FAMILY & COMMUNITY MEDICINE
ANTONY,K,ANTONY,ORTHOPAEDICS
JANELLE,M,ARAGON,PEDIATRICS
CECILIA,YSABEL,ARANA YI,INTERNAL MEDICINE
WADIH,,ARAP,INTERNAL MEDICINE
ERIK,,ARELLANO,FAMILY & COMMUNITY MEDICINE
PAMELA,B,ARENELLA,PSYCHIATRY & BEHAVIORAL SCIENCES
CHRISTOS,,ARGYROPOULOS,INTERNAL MEDICINE
KAREN,J,ARMITAGE,FAMILY & COMMUNITY MEDICINE
MARGARET,,ARMSTRONG,PEDIATRICS
CYNTHIA,L,ARNDELL,INTERNAL MEDICINE
CHRISTOPHER,D,ARNDT,ANESTHESIOLOGY
MADHU,,ARORA,INTERNAL MEDICINE
SANJEEV,,ARORA,INTERNAL MEDICINE
NOUR,A,ASS'AD,INTERNAL MEDICINE
EDWARD,D,AUYANG,SURGERY
ROBERT,B,AVERY,SURGERY
HOURIYA,,AYOUBIEH,INTERNAL MEDICINE
PARVIN,,AZIZI,NEUROLOGY
AMY,M,BABB,ANESTHESIOLOGY
JUSTIN,T,BACA,EMERGENCY MEDICINE
MELANIE,A,BACA,FAMILY & COMMUNITY MEDICINE
SALLY,N,BACHOFER,FAMILY & COMMUNITY MEDICINE
ARLENE,,BAGGA,SURGERY
ROBERT,A,BAILEY,PSYCHIATRY & BEHAVIORAL SCIENCES
REBECCA,,BAIR,INTERNAL MEDICINE
ELIZABETH,B,BAKER,ANESTHESIOLOGY
MARLENE,P,BALLEJOS,FAMILY & COMMUNITY MEDICINE
CHRISTOPHER,,BANKHEAD,ORTHOPAEDICS
ARTHUR,D,BANKHURST,INTERNAL MEDICINE
LAURA,L,BANKS,EMERGENCY MEDICINE
SEEMA,,BANSAL,NEUROLOGY
MICHELLE,A,BARDACK,FAMILY & COMMUNITY MEDICINE
MARYBETH,,BARKOCY,ORTHOPAEDICS
MEREDITH,,BARLOW,FAMILY & COMMUNITY MEDICINE
TAMARA,M,BARRETT,EMERGENCY MEDICINE
EILEEN,D,BARRETT,INTERNAL MEDICINE
MARC,,BARRY,PATHOLOGY
LEE,J,BARTON,ANESTHESIOLOGY
GILLIAN,M,BATY,EMERGENCY MEDICINE
LAUREN,,BAUER,FAMILY & COMMUNITY MEDICINE
LILY,,BAYAT,OBSTETRICS & GYNECOLOGY
DAVID,G,BEAR,CELL BIOLOGY & PHYSIOLOGY
ELAINE,L,BEARER,PATHOLOGY
CRISTINA,,BEATO,FAMILY & COMMUNITY MEDICINE
JACOB,J,BECKER,RADIOLOGY
PEGGY,A,BEELEY,INTERNAL MEDICINE
MUSKAAN,,BEHL,INTERNAL MEDICINE
ANNALISA,P,BEHNKEN,PEDIATRICS
JERALD,,BELITZ,PSYCHIATRY & BEHAVIORAL SCIENCES
JESSICA,,BELMONTE,INTERNAL MEDICINE
ALFONSO,,BELMONTE,PEDIATRICS
ATTLEE,B,BENALLY,ORTHOPAEDICS
DAVID,M,BENNETT,ORTHOPAEDICS
KIRSTEN,D,BENNETT,PEDIATRICS
ERICA,C,BENNETT,SURGERY
JENNIFER,G,BENSON,INTERNAL MEDICINE
ERIC,C,BENSON,ORTHOPAEDICS
ANTOINETTE,R,BENTON,FAMILY & COMMUNITY MEDICINE
TONI,,BENTON,FAMILY & COMMUNITY MEDICINE
JEANNE,,BEREITER,PSYCHIATRY & BEHAVIORAL SCIENCES
ALEXANDRA,L,BERGE,PEDIATRICS
MARIANNE,,BERWICK,DERMATOLOGY
MARIANNE,,BERWICK,INTERNAL MEDICINE
ELLEN,J,BESWICK,MOLECULAR GENETICS & MICROBIOLOGY
JOHN,B,BETTLER,FAMILY & COMMUNITY MEDICINE
KIRAN,,BHASKAR,MOLECULAR GENETICS & MICROBIOLOGY
SNEHAL,R,BHATT,PSYCHIATRY & BEHAVIORAL SCIENCES
SEAN,M,BIGGS,RADIOLOGY
JESSICA,B,BIGNEY,INTERNAL MEDICINE
MARY,,BILLSTRAND,ANESTHESIOLOGY
DOUGLAS,S,BINDER,EMERGENCY MEDICINE
CHARITY,,BISHOP,FAMILY & COMMUNITY MEDICINE
LISA,,BISHOP,OBSTETRICS & GYNECOLOGY
ELENA,D,BISSELL,FAMILY & COMMUNITY MEDICINE
OSCAR,A,BIZZOZERO,CELL BIOLOGY & PHYSIOLOGY
MARGARET,,BLACK,FAMILY & COMMUNITY MEDICINE
BRANDEE,S,BLACK,ORTHOPAEDICS
LISA,C,BLACKLOCK,RADIOLOGY
JACQUELYN,A,BLACKSTONE,OBSTETRICS & GYNECOLOGY
CYNTHIA,K,BLAIR,INTERNAL MEDICINE
JANET,,BLANCHARD,INTERNAL MEDICINE
REBECCA,R,BLANKLEY,RADIOLOGY
NATHAN,R,BLUE,OBSTETRICS & GYNECOLOGY
KOH,B,BOAYUE,PEDIATRICS
STEVEN,N,BOCK,SURGERY
THERESE,J,BOCKLAGE,PATHOLOGY
EDGAR,C,BOEDEKER,INTERNAL MEDICINE
JULIANE,NICHOLE,BOHAN,PSYCHIATRY & BEHAVIORAL SCIENCES
CLAUDINE,M,BOHUN,PEDIATRICS
MICHEL,A,BOIVIN,INTERNAL MEDICINE
CRISTIAN,G,BOLOGA,INTERNAL MEDICINE
JONATHAN,W,BOLTON,PSYCHIATRY & BEHAVIORAL SCIENCES
CAROLINE,A,BONHAM,PSYCHIATRY & BEHAVIORAL SCIENCES
NICHOLE,P,BORDEGARAY,ANESTHESIOLOGY
ALEDA,,BORDERS,OBSTETRICS & GYNECOLOGY
MATTHEW,F,BOUCHONVILLE,INTERNAL MEDICINE
NATHAN,H,BOYD,SURGERY
STEVEN,B,BRADFUTE,INTERNAL MEDICINE
PATRICIA,V,BRADLEY,HEALTH SCIENCES LIBRARY & INFORMATICS CENTER
DENIS,,BRAGIN,NEUROSURGERY
ARTEMIO,D,BRAMBILA,PSYCHIATRY & BEHAVIORAL SCIENCES
JOHN,R,BRANDT,PEDIATRICS
DARREN,A,BRAUDE,EMERGENCY MEDICINE
MARIA,YELLOW HORSE,BRAVE HEART,PSYCHIATRY & BEHAVIORAL SCIENCES
TARA,E,BRENNAN,DERMATOLOGY
TARA,E,BRENNAN,SURGERY
MEGHAN,E,BRETT,INTERNAL MEDICINE
JANET,K,BRIERLEY,ANESTHESIOLOGY
DUSTIN,T,BRIGGS,ORTHOPAEDICS
JONATHAN,L,BRIGMAN,NEUROSCIENCES
DEBORAH,,BROMFIELD,EMERGENCY MEDICINE
COFFEE,,BROWN,EMERGENCY MEDICINE
LEE,K,BROWN,INTERNAL MEDICINE
CARL,E,BROWN,PSYCHIATRY & BEHAVIORAL SCIENCES
URSA,,BROWN-GLABERMAN,INTERNAL MEDICINE
HOLLY,SHIPP,BUCHANAN,HEALTH SCIENCES LIBRARY & INFORMATICS CENTER
FRANCISCO,I,BUENDIA,ANESTHESIOLOGY
EMILY,R,BUI,ANESTHESIOLOGY
JEFFREY,H,BULLARD-BERENT,EMERGENCY MEDICINE
TIONE,,BURANDA,PATHOLOGY
MARK,R,BURGE,INTERNAL MEDICINE
MARCOS,,BURGOS,INTERNAL MEDICINE
COURTNEY,P,BURNETTE,PEDIATRICS
SARAH,J,BURNS,INTERNAL MEDICINE
RUTH,E,BURSTROM,ANESTHESIOLOGY
HELEN,KATRINA,BUSBY,INTERNAL MEDICINE
WILLIAM,C,BUSS,NEUROSCIENCES
SILAS,C,BUSSMANN,EMERGENCY MEDICINE
JUAN,R,BUSTILLO,PSYCHIATRY & BEHAVIORAL SCIENCES
JEREMIAH,,BUSTOS,INTERNAL MEDICINE
THOMAS,,BYRD,INTERNAL MEDICINE
LAURA,F,CAFFEY,PEDIATRICS
MATTHEW,D,CAIN,PATHOLOGY
KIMOTHI,N,CAIN,PSYCHIATRY & BEHAVIORAL SCIENCES
CHRISTOPHER,S,CALDER,NEUROLOGY
KEVIN,K,CALDWELL,NEUROSCIENCES
CHRISTINA,,CALLEROS,DENTAL MEDICINE
CHRISTOPHER,J,CAMARATA,FAMILY & COMMUNITY MEDICINE
CHRISTOPHER,J,CAMARATA,INTERNAL MEDICINE
RICHARD,A,CAMPBELL,PSYCHIATRY & BEHAVIORAL SCIENCES
FELICHA,T,CANDELARIA-COOK,HEALTH SCIENCES LIBRARY & INFORMATICS CENTER
JOSE,,CANIVE,PSYCHIATRY & BEHAVIORAL SCIENCES
JUDY,L  L,CANNON,MOLECULAR GENETICS & MICROBIOLOGY
KAREN,E,CARDON,INTERNAL MEDICINE
FREDERICK,J,CAREY,ORTHOPAEDICS
THOMAS,J,CARLOW,NEUROLOGY
ANDREW,P,CARLSON,NEUROSURGERY
PATRICK,E,CARR,EMERGENCY MEDICINE
VALERIE,A,CARREJO,FAMILY & COMMUNITY MEDICINE
SCOTT,,CARROLL,PSYCHIATRY & BEHAVIORAL SCIENCES
JOHN,J,CARTY,PSYCHIATRY & BEHAVIORAL SCIENCES
SHANE,P,CASS,FAMILY & COMMUNITY MEDICINE
MARIA,PIA,CASTILLO,FAMILY & COMMUNITY MEDICINE
ELISEO,F,CASTILLO,INTERNAL MEDICINE
CAROLINE,G,CASTILLO,INTERNAL MEDICINE
RICARDO,O,CASTILLO,PEDIATRICS
DEVON,S,CHABOT-RICHARDS,PATHOLOGY
BRYCE,C,CHACKERIAN,MOLECULAR GENETICS & MICROBIOLOGY
DAVID,,CHAFEY,ORTHOPAEDICS
SALAM,E,CHALOUHI,OBSTETRICS & GYNECOLOGY
GREGORY,D,CHAMBERS,RADIOLOGY
LAURA,S,CHAMBERS-KERSH,FAMILY & COMMUNITY MEDICINE
CHRISTOPHER,HS,CHANG,INTERNAL MEDICINE
BETTY,,CHANG,INTERNAL MEDICINE
CONRAD,R,CHAO,OBSTETRICS & GYNECOLOGY
NIELS,N,CHAPMAN,ANESTHESIOLOGY
GERALD,A,CHARLTON,INTERNAL MEDICINE
MARLENA,C,CHAVEZ,PATHOLOGY
LESLIE,L,CHAVEZ,PSYCHIATRY & BEHAVIORAL SCIENCES
JAMES,E,CHEEK,FAMILY & COMMUNITY MEDICINE
TAHSEEN,A,CHEEMA,ORTHOPAEDICS
SHAN SHAN,,CHEN,INTERNAL MEDICINE
I-MING,,CHEN,PATHOLOGY
I-MING,,CHEN,PATHOLOGY
ALEXANDRE,,CHIGAEV,PATHOLOGY
VI,K,CHIU,INTERNAL MEDICINE
HAYWAN,,CHIU,ORTHOPAEDICS
MUHAMMAD,O,CHOHAN,NEUROSURGERY
KELLY,,CHONG,INTERNAL MEDICINE
YASIN,M,CHOUDRY,PSYCHIATRY & BEHAVIORAL SCIENCES
ROBERT,A,CHRISTENSON,PEDIATRICS
MICHELLE,,CHUNGTUYCO,FAMILY & COMMUNITY MEDICINE
SARA,B,CICHOWSKI,OBSTETRICS & GYNECOLOGY
KERI,,CLAPPER,ORTHOPAEDICS
DOUGLAS,P,CLARK,PATHOLOGY
DIANE,,CLAWSON,PSYCHIATRY & BEHAVIORAL SCIENCES
STACEY,D,CLEGG,INTERNAL MEDICINE
CAROL,L,CLERICUZIO,PEDIATRICS
CEDRIC,,CLEYRAT,PATHOLOGY
KAREN,,CLINE-PARHAMOVICH,PATHOLOGY
AMY,R,CLITHERO,FAMILY & COMMUNITY MEDICINE
DIANA,E,CLOKEY,OBSTETRICS & GYNECOLOGY
JAMIE,,CLOYES,ORTHOPAEDICS
ROBERT,W,COBERLY,PSYCHIATRY & BEHAVIORAL SCIENCES
EMILY,,COHEN,FAMILY & COMMUNITY MEDICINE
DENISE,MARIE,COLEMAN,PEDIATRICS
NATHANIEL,P,COLLINS,INTERNAL MEDICINE
ELIZABETH,S,COLOMBO,INTERNAL MEDICINE
GEORGE,D,COMERCI,INTERNAL MEDICINE
CLARE,H,COMPTON,ANESTHESIOLOGY
LINDA,,COOK,INTERNAL MEDICINE
CAROLINE,,COOK,ORTHOPAEDICS
LORETTA,M,CORDOVA DE ORTEGA,PEDIATRICS
JOANNA,,COSBEY,PEDIATRICS
ANDREW,T,COWAN,SURGERY
BART,L,COX,INTERNAL MEDICINE
REBECCA,R,CRAIG,PEDIATRICS
KAREN,R,CRAIG,RADIOLOGY
CAMERON,S,CRANDALL,EMERGENCY MEDICINE
ANNETTE,S,CRISANTI,PSYCHIATRY & BEHAVIORAL SCIENCES
JOY,E,CROOK,EMERGENCY MEDICINE
KENDALL,P,CROOKSTON,PATHOLOGY
TERRY,K,CROWE,PEDIATRICS
RICHARD,E,CROWELL,INTERNAL MEDICINE
MARK,R,CROWLEY,PEDIATRICS
AMY,C,CRUICKSHANK,PEDIATRICS
ASHLEY,,CRUM,EMERGENCY MEDICINE
JIM,,CRUMBACHER,FAMILY & COMMUNITY MEDICINE
THERESA,H,CRUZ,PEDIATRICS
MARIO,,CRUZ,PSYCHIATRY & BEHAVIORAL SCIENCES
SARAH,I,CRYSTAL,PSYCHIATRY & BEHAVIORAL SCIENCES
KARISSA,D,CULBREATH,PATHOLOGY
CHANDRA,E,CULLEN,PSYCHIATRY & BEHAVIORAL SCIENCES
LEE ANNA,,CUNNINGHAM,NEUROSCIENCES
LUIS,,CURET,OBSTETRICS & GYNECOLOGY
APRILSHANDIIN,,CURLEY-SHERER,FAMILY & COMMUNITY MEDICINE
THOMAS,H,CUSHING,PEDIATRICS
BRAD,W,CUSHNYR,RADIOLOGY
LISA,A,CUTCHEN,INTERNAL MEDICINE
NICHOLAS,J,CUTRUFELLO,INTERNAL MEDICINE
GARY,W,CUTTRELL,DENTAL MEDICINE
DAVID,R,CZUCHLEWSKI,PATHOLOGY
BENSON,R,DAITZ,FAMILY & COMMUNITY MEDICINE
LISA,J,DALEN,PEDIATRICS
TAREK,,DAMMAD,INTERNAL MEDICINE
JAMES,,DAMRON,RADIOLOGY
RACHEL,C,DANCZYK,SURGERY
SARA,,DANGELO,INTERNAL MEDICINE
LEROY,V,DANIELSON,EMERGENCY MEDICINE
LESLIE,,DANIELSON,PATHOLOGY
ARUP,,DAS,SURGERY
LEA,,DAVIES,PEDIATRICS
HERBERT,T,DAVIS,INTERNAL MEDICINE
DANA,K,DAVIS,INTERNAL MEDICINE
KEITH,W,DAVIS,INTERNAL MEDICINE
LARRY,E,DAVIS,NEUROLOGY
SALLY,M,DAVIS,PEDIATRICS
RACHEL,E,DAVIS,SURGERY
MICHAEL,S,DAVIS,SURGERY
ZONEDDY,RUIZ,DAYAO,INTERNAL MEDICINE
ALBERT,,DE LA GARZA,EMERGENCY MEDICINE
MICHAEL,,DECKER,ORTHOPAEDICS
THOMAS,A,DECOSTER,ORTHOPAEDICS
WALTER,N,DEHORITY,PEDIATRICS
SARA,M,DEL CAMPO DE GONZALEZ,PEDIATRICS
ANILLA,,DEL FABBRO,PSYCHIATRY & BEHAVIORAL SCIENCES
AMANDA,,DELIGTISCH,NEUROLOGY
MEGAN,J,DELL,EMERGENCY MEDICINE
DEBORAH,,DELLMORE,PSYCHIATRY & BEHAVIORAL SCIENCES
ADAM,,DELU,RADIOLOGY
GERALD,,DEMAREST,SURGERY
CHRISTOPHER,P,DEMAS,SURGERY
MATTHEW,,DENG,RADIOLOGY
VOJO,,DERETIC,MOLECULAR GENETICS & MICROBIOLOGY
DUSANKA,D,DERETIC,SURGERY
LEV,B,DERIY,ANESTHESIOLOGY
TODD,S,DETTMER,EMERGENCY MEDICINE
RAJMOHAN,,DHARMARAJ,PEDIATRICS
SHANNA,V,DIAZ,INTERNAL MEDICINE
KATHRYN,A,DIERUF,ORTHOPAEDICS
CHARLES,A,DIETL,SURGERY
JENNIFER,M,DILLOW,ANESTHESIOLOGY
DARRELL,L,DINWIDDIE,PEDIATRICS
ASHLEIGH,E,DIXON,ANESTHESIOLOGY
DOUGLAS,R,DIXON,EMERGENCY MEDICINE
ANDREY,S,DOBROFF,INTERNAL MEDICINE
DEBROAH,L,DOERFLER,ORTHOPAEDICS
KAROL,,DOKLADNY,INTERNAL MEDICINE
OSMAN,C,DOKMECI,INTERNAL MEDICINE
ELIF,,DOKMECI,PEDIATRICS
ANDY,,DOLLAHITE,ORTHOPAEDICS
SUMMER,D,DONOVAN,PEDIATRICS
NIVINE,,DORAN,ANESTHESIOLOGY
RICHARD,I,DORIN,INTERNAL MEDICINE
MAXINE,H,DORIN,OBSTETRICS & GYNECOLOGY
ANDREA,,DOTSON,FAMILY & COMMUNITY MEDICINE
LILY,,DOW Y GARCIA VELARDE,FAMILY & COMMUNITY MEDICINE
FRANCE,M,DOYLE,EMERGENCY MEDICINE
THERESA,,DRALLMEIER,FAMILY & COMMUNITY MEDICINE
GENA,C,DUNIVAN,OBSTETRICS & GYNECOLOGY
LUCAS,M,DUNKLEE,PSYCHIATRY & BEHAVIORAL SCIENCES
ANGELA,R,DUNN,INTERNAL MEDICINE
JEFFREY,B,DUNN,PSYCHIATRY & BEHAVIORAL SCIENCES
TARA,L,DUPONT,PEDIATRICS
ANNA,L,DURAN,PEDIATRICS
RAVI,,DURVASULA,INTERNAL MEDICINE
REBECCA,A,DUTTON,ORTHOPAEDICS
LAUREN,,DVORSCAK,PATHOLOGY
LINDSAY,M,EAKES,EMERGENCY MEDICINE
PHILIP,R,EATON,INTERNAL MEDICINE
STEVEN,C,EBERHARDT,RADIOLOGY
PAUL,G,ECHOLS,ORTHOPAEDICS
ELAINE,S,EDMONDS,NEUROLOGY
BRUCE,S,EDWARDS,PATHOLOGY
JONATHAN,D,ELDREDGE,HEALTH SCIENCES LIBRARY & INFORMATICS CENTER
JOHN,T,ELIAS,PSYCHIATRY & BEHAVIORAL SCIENCES
JAMIE,M,ELIFRITZ,RADIOLOGY
SYLVIA,YVONNE,ELLINGTON,FAMILY & COMMUNITY MEDICINE
SAEED,,ELOJEIMY,RADIOLOGY
HILLARY,R,ELWOOD,DERMATOLOGY
NICOLE,S,EMIL,INTERNAL MEDICINE
TIFFANY,M,ENACHE,ORTHOPAEDICS
SANTIAGO,E,ENCALADA,PEDIATRICS
MARIA,A,ENRIONE,PEDIATRICS
AMY,ARMSTRONG,ERNST,EMERGENCY MEDICINE
RODRIGO,P,ESCALONA,PSYCHIATRY & BEHAVIORAL SCIENCES
EVE,,ESPEY,OBSTETRICS & GYNECOLOGY
PAUL,,ESPY,DERMATOLOGY
GILBERT,,ESSER,PSYCHIATRY & BEHAVIORAL SCIENCES
DANIELLE,M,ESTERS,OBSTETRICS & GYNECOLOGY
DANIEL,A,EVANS,PSYCHIATRY & BEHAVIORAL SCIENCES
VERNAT,,EXIL,PEDIATRICS
CANDACE,T,EYMAN,PEDIATRICS
ANNA,G,FABRE,RADIOLOGY
BRIDGET,N,FAHY,SURGERY
JOANNA,R,FAIR,RADIOLOGY
CASSIE,,FAIRCHILD,FAMILY & COMMUNITY MEDICINE
RICARDO,J,FALCON,ANESTHESIOLOGY
STEPHANIE,K,FALLON,PSYCHIATRY & BEHAVIORAL SCIENCES
EDWARD,R,FANCOVIC,INTERNAL MEDICINE
MONTHIDA,,FANGTHAM,INTERNAL MEDICINE
REBECCA,K,FASTLE,EMERGENCY MEDICINE
LIDA,,FATEMI,INTERNAL MEDICINE
MARTHA,J,FAULKNER,PSYCHIATRY & BEHAVIORAL SCIENCES
JAN,,FAWCETT,PSYCHIATRY & BEHAVIORAL SCIENCES
PRESTON,J,FEDOR,EMERGENCY MEDICINE
JON,K,FEMLING,EMERGENCY MEDICINE
GLEN,A,FENTON,NEUROLOGY
MATTHEW,L,FERO,INTERNAL MEDICINE
GISELLE,D,FERREIRA,PSYCHIATRY & BEHAVIORAL SCIENCES
RODERICK,,FIELDS,INTERNAL MEDICINE
STEPHANIE,G,FINE,SURGERY
BRANDI,C,FINK,PSYCHIATRY & BEHAVIORAL SCIENCES
ESME,E,FINLAY,INTERNAL MEDICINE
BRUCE,J,FISCH,NEUROLOGY
ERIN,K,FITZGERALD,INTERNAL MEDICINE
MELISSA,B,FLEEGLER,EMERGENCY MEDICINE
TRISHA,,FLEET,FAMILY & COMMUNITY MEDICINE
ANTHONY,N,FLEG,FAMILY & COMMUNITY MEDICINE
HOLLY,,FLEMING,INTERNAL MEDICINE
JASON,R,FLORES,DENTAL MEDICINE
IVY,,FOO-HURWITZ,INTERNAL MEDICINE
HILARY,M,FORD,ANESTHESIOLOGY
COREY,C,FORD,NEUROLOGY
RALPH,STUART,FORD,SURGERY
COLLEEN,,FORDYCE,BIOCHEMISTRY & MOLECULAR BIOLOGY
SALLY,A,FORTNER,ANESTHESIOLOGY
KIMBERLY,,FOSTER,NEUROSURGERY
BELLELIZABETH,,FOSTER,PSYCHIATRY & BEHAVIORAL SCIENCES
GREGORY,G,FOTIEO,INTERNAL MEDICINE
DANA,R,FOTIEO,INTERNAL MEDICINE
KATHRYN,M,FOUCAR,PATHOLOGY
LINDSAY,E,FOX,FAMILY & COMMUNITY MEDICINE
ROBERT,G,FRANK,FAMILY & COMMUNITY MEDICINE
KATHRYN,,FRASER,PSYCHIATRY & BEHAVIORAL SCIENCES
JACQUELINE,L,FRIDGE,PEDIATRICS
SARAH,,FRIEDBERG,FAMILY & COMMUNITY MEDICINE
KATHRYN,M,FRIETZE,MOLECULAR GENETICS & MICROBIOLOGY
ROBERT,C,FRITCH,INTERNAL MEDICINE
FLOYD,J,FROST,FAMILY & COMMUNITY MEDICINE
JANELL,,FULLER,PEDIATRICS
LYNNE,S,FULLERTON,EMERGENCY MEDICINE
DOUGLAS,A,GADOMSKI,EMERGENCY MEDICINE
MONIQUE,,GAEDE,OBSTETRICS & GYNECOLOGY
MICHAEL,A,GAGLIA,INTERNAL MEDICINE
SEYMUR,,GAHRAMANOV,NEUROSURGERY
AMANDA,E,GALLAGHER,EMERGENCY MEDICINE
KELLY,,GALLAGHER,OBSTETRICS & GYNECOLOGY
GREGORY,N,GAN,INTERNAL MEDICINE
KAVITHA,,GANTA,INTERNAL MEDICINE
ERIKA,,GARBRECHT,ORTHOPAEDICS
MARK,E,GARCIA,INTERNAL MEDICINE
EDWINA,,GARCIA,OBSTETRICS & GYNECOLOGY
JENNIFER,M,GARCIA,PEDIATRICS
DEBORAH,,GARCIA,RADIOLOGY
WILLIAM,S,GARVER,BIOCHEMISTRY & MOLECULAR BIOLOGY
MICHAEL,W,GAVIN,INTERNAL MEDICINE
KATHERINE,,GAVIN,ORTHOPAEDICS
SARAH,,GEBAUER,INTERNAL MEDICINE
RICK,J,GEHLERT,ORTHOPAEDICS
TRACY,I,GEORGE,PATHOLOGY
CYNTHIA,,GEPPERT,PSYCHIATRY & BEHAVIORAL SCIENCES
CHANDRA,Y,GERRARD,RADIOLOGY
NEAL,S,GERSTEIN,ANESTHESIOLOGY
WENDY,,GERSTEIN,INTERNAL MEDICINE
LUKE,M,GESSEL,INTERNAL MEDICINE
JAMES,I,GIBB,INTERNAL MEDICINE
NORA,,GIBBONS,FAMILY & COMMUNITY MEDICINE
KEITH,,GILL,ORTHOPAEDICS
ALICIA,N,GILL,PEDIATRICS
JENNIFER,M,GILLETTE,PATHOLOGY
PATRICK,,GILLIGAN,ORTHOPAEDICS
JOE,,GLASS,PATHOLOGY
ROBERT,H,GLEW,SURGERY
KATHERINE,,GNAUCK,EMERGENCY MEDICINE
BETH,M,GOENS,PEDIATRICS
JAMES,M,GOFF,SURGERY
TODD,A,GOLDBLUM,SURGERY
ROBERTO,,GOMEZ,FAMILY & COMMUNITY MEDICINE
MICHAEL,R,GOMEZ,PEDIATRICS
MELISSA,,GONZALES,INTERNAL MEDICINE
DAVID,V,GONZALES,INTERNAL MEDICINE
LAURA,V,GONZALEZ BOSC,CELL BIOLOGY & PHYSIOLOGY
GABRIELLA,I,GOOD,INTERNAL MEDICINE
PAUL,,GOODWYN,ORTHOPAEDICS
TAYLOR,B,GOOT,INTERNAL MEDICINE
SARAH,BETH,GOPMAN,FAMILY & COMMUNITY MEDICINE
ERIN,MURATA,GORDON,OBSTETRICS & GYNECOLOGY
DAVID,A,GRAEBER,PSYCHIATRY & BEHAVIORAL SCIENCES
GLENN,D,GRAHAM,NEUROLOGY
MARYBETH,A,GRAHAM,PEDIATRICS
RADHIKA,P,GRANDHE,ANESTHESIOLOGY
ELIZABETH,ANN,GRANT,FAMILY & COMMUNITY MEDICINE
JOHN,E,GRASINGER,ORTHOPAEDICS
JOHN,P,GRASSHAM,EMERGENCY MEDICINE
MICHELLE,P,GREEN,HEALTH SCIENCES LIBRARY & INFORMATICS CENTER
ROSS,,GREEN,NEUROSURGERY
ELIZABETH,A,GREENE,PEDIATRICS
ELIZABETH,J,GREER,RADIOLOGY
CHRISTINA,,GRICE,PSYCHIATRY & BEHAVIORAL SCIENCES
CAROL,E,GRIFFIN,FAMILY & COMMUNITY MEDICINE
JEFFREY,K,GRIFFITH,BIOCHEMISTRY & MOLECULAR BIOLOGY
MADELINE,,GRIGG-DAMBERGER,NEUROLOGY
SARAH,,GROARK,PSYCHIATRY & BEHAVIORAL SCIENCES
CHRISTOPHER,B,GUEST,EMERGENCY MEDICINE
SUNDEEP,S,GULIANI,SURGERY
RAMA,,GULLAPALLI,PATHOLOGY
BURKE,A,GURNEY,ORTHOPAEDICS
CHRISTOPHER,J,GUTJAHR,RADIOLOGY
KATHLEEN,Y,HAALAND,PSYCHIATRY & BEHAVIORAL SCIENCES
SENAN,,HADID,PEDIATRICS
BRANT,W,HAGER,PSYCHIATRY & BEHAVIORAL SCIENCES
POONE,,HAGHANI TEHRANI,PSYCHIATRY & BEHAVIORAL SCIENCES
HAMID,A,HAI,INTERNAL MEDICINE
LAURA,J,HALL,HEALTH SCIENCES LIBRARY & INFORMATICS CENTER
JON,J,HALLSTROM,RADIOLOGY
SONJA,,HALTERMAN,FAMILY & COMMUNITY MEDICINE
GALE,G,HANNIGAN,HEALTH SCIENCES LIBRARY & INFORMATICS CENTER
CHRISTOPHER,R,HANOSH,ORTHOPAEDICS
JOSHUA,A,HANSON,PATHOLOGY
PAMELA,A,HANSON,PEDIATRICS
ANTONIA,M,HARFORD,INTERNAL MEDICINE
FARZANA,M,HARJI,INTERNAL MEDICINE
MICHELLE,S,HARKINS,INTERNAL MEDICINE
AMANDA,,HARPER,DERMATOLOGY
KENNETH,,HARPER,DERMATOLOGY
ANDREW,J,HARRELL,EMERGENCY MEDICINE
JULIE,K,HARRINGTON,PATHOLOGY
DOMINIC,,HARRIS,NEUROSURGERY
GILLIAN,,HARRIS,PEDIATRICS
BLAINE,L,HART,RADIOLOGY
REBECCA,S,HARTLEY,CELL BIOLOGY & PHYSIOLOGY
MICHAEL,,HARTSHORNE,RADIOLOGY
RICHARD,,HARVEY,PATHOLOGY
AARON,L,HARVILLE,ANESTHESIOLOGY
FREDERICK,,HASHIMOTO,INTERNAL MEDICINE
MOHAMMED,,HASSAN,SURGERY
GARY,M,HATCH,RADIOLOGY
HELEN,J,HATHAWAY,CELL BIOLOGY & PHYSIOLOGY
MARK,,HAUSWALD,EMERGENCY MEDICINE
KAREN,A,HAWLEY,SURGERY
SUMMER,R,HAYEK,BIOCHEMISTRY & MOLECULAR BIOLOGY
JOESPH,M,HAYES,SURGERY
JUSTIN,L,HAZEN,EMERGENCY MEDICINE
WARREN,A,HEFFRON,FAMILY & COMMUNITY MEDICINE
HENGAMEH,,HEIDARIAN-RAISSY,PEDIATRICS
RICHARD,L,HEIDEMAN,PEDIATRICS
RANDALL,A,HEIDENREICH,PEDIATRICS
SANDRA,G,HEIMERL,PEDIATRICS
CYNTHIA,L,HEINS,INTERNAL MEDICINE
PHILIP,H,HEINTZ,RADIOLOGY
DEBORAH,,HELITZER,FAMILY & COMMUNITY MEDICINE
CLYDE,,HELMS,RADIOLOGY
MICHELLE,L,HENDRICKSON,PSYCHIATRY & BEHAVIORAL SCIENCES
INGRID,C,HENDRIX,HEALTH SCIENCES LIBRARY & INFORMATICS CENTER
TIMOTHY,E,HENLEY,EMERGENCY MEDICINE
KEVIN,M,HENRY,FAMILY & COMMUNITY MEDICINE
PAULA,L,HENSLEY,PSYCHIATRY & BEHAVIORAL SCIENCES
CARLA,,HERMAN,INTERNAL MEDICINE
FAYNESSA,,HERNANDEZ,FAMILY & COMMUNITY MEDICINE
CARMEN,M,HERRERA,PEDIATRICS
FRED,S,HERZON,SURGERY
JULIA,M,HESS,PEDIATRICS
JENNIFER,E,HETTEMA,FAMILY & COMMUNITY MEDICINE
THERESA,R,HEYNEKAMP,INTERNAL MEDICINE
SHEILA,M,HICKEY,PEDIATRICS
KARIN,W,HIGH,ANESTHESIOLOGY
CARRIE,,HILL,DERMATOLOGY
DEIRDRE,,HILL,INTERNAL MEDICINE
JEFF,W,HILL,NEUROSURGERY
DINA,E,HILL,PSYCHIATRY & BEHAVIORAL SCIENCES
WILLIAM,C,HINES,BIOCHEMISTRY & MOLECULAR BIOLOGY
OLEH,,HNATIUK,INTERNAL MEDICINE
THANH-TAM,,HO,OBSTETRICS & GYNECOLOGY
LINDA,,HODES VILLAMAR,EMERGENCY MEDICINE
DIEDRE,M,HOFINGER,INTERNAL MEDICINE
LISA,,HOFLER,OBSTETRICS & GYNECOLOGY
BRADLEY,D,HOLBROOK,OBSTETRICS & GYNECOLOGY
THERESE,A,HOLGUIN,DERMATOLOGY
JILL,W,HOLTZ,PSYCHIATRY & BEHAVIORAL SCIENCES
LAURA,J,HONCH,PEDIATRICS
LESLIE,O,HOPKINS,INTERNAL MEDICINE
OLIVIA,,HOPKINS,INTERNAL MEDICINE
RACHAEL,L,HORNER,EMERGENCY MEDICINE
THOMAS,,HOWDIESHELL,SURGERY
ANDREW,C,HSI,PEDIATRICS
CANDACE,,HSU,DENTAL MEDICINE
CHIEN-AN,,HU,BIOCHEMISTRY & MOLECULAR BIOLOGY
SERGIO,A,HUERTA,INTERNAL MEDICINE
TRAVIS,,HUGHES,ORTHOPAEDICS
BRANKO,,HUISA-GARATE,NEUROLOGY
JOSEPH,L,HUNT,RADIOLOGY
HANS,F,HURT,EMERGENCY MEDICINE
JAMES,,HUTCHISON,OBSTETRICS & GYNECOLOGY
FRANK,D,HUYLER,EMERGENCY MEDICINE
MICHELLE,J,IANDIORIO,INTERNAL MEDICINE
VLAD,D,IANUS,PEDIATRICS
MILTON,V,ICENOGLE,INTERNAL MEDICINE
MICHELE,L,IEMOLO,PEDIATRICS
SUSAN,L,ILIFF,PEDIATRICS
JACOB,G,IMBER,INTERNAL MEDICINE
KENNETH,W,IMERMAN,NEUROLOGY
SHMUEL,,INBAR,INTERNAL MEDICINE
GLYNNIS,,INGALL,PATHOLOGY
BRIAN,L,ISAKSON,PSYCHIATRY & BEHAVIORAL SCIENCES
MELISSA,M,IVERS,DENTAL MEDICINE
GARY,K,IWAMOTO,INTERNAL MEDICINE
LUIS,A,IZQUIERDO,OBSTETRICS & GYNECOLOGY
JAMES,A,JACKSON,INTERNAL MEDICINE
SEEMA,,JACOB,PEDIATRICS
MICHAELA,,JACOBS,DERMATOLOGY
AARON,,JACOBS,PEDIATRICS
VANESSA,C,JACOBSOHN,PSYCHIATRY & BEHAVIORAL SCIENCES
FRANCISCO,,JAIME,ANESTHESIOLOGY
ANJU,C,JAISWAL,PSYCHIATRY & BEHAVIORAL SCIENCES
NATASHA,C,JAMES,EMERGENCY MEDICINE
LAUREN,L,JANTZIE,PEDIATRICS
HEATHER,S,JARRELL,PATHOLOGY
PETER,,JENSEN,DENTAL MEDICINE
PETER,C,JEPPSON,OBSTETRICS & GYNECOLOGY
NIKKI,L,JERNIGAN,CELL BIOLOGY & PHYSIOLOGY
JENNIFER,R,JERNIGAN,INTERNAL MEDICINE
STEPHEN,D,JETT,CELL BIOLOGY & PHYSIOLOGY
JOSEPH,N,JOHNSON,ANESTHESIOLOGY
NICK,,JOHNSON,ANESTHESIOLOGY
KATHY,L,JOHNSON,FAMILY & COMMUNITY MEDICINE
JERICA,,JOHNSON,FAMILY & COMMUNITY MEDICINE
PAUL,,JOHNSON,ORTHOPAEDICS
ELIZABETH,J,JOHNSON,PATHOLOGY
LIZ,,JOHNSON,PATHOLOGY
DAVID,L,JOLLEY,EMERGENCY MEDICINE
JOHN,R,JONES,FAMILY & COMMUNITY MEDICINE
BETH-ANNE,M,JONES,ORTHOPAEDICS
CATHERINE,,JOSEPH,PEDIATRICS
AMAR,B,JOSHI,SURGERY
NANCY,E,JOSTE,PATHOLOGY
STELLA,M,JUBAY,INTERNAL MEDICINE
JOHN,H,JUDD,ORTHOPAEDICS
IOANNIS,,KALAMPOKIS,PEDIATRICS
CLINTON,P,KALAN,EMERGENCY MEDICINE
SUMMERS,G,KALISHMAN,FAMILY & COMMUNITY MEDICINE
JOSEPH,C,KAMBE,SURGERY
NANCY,L,KANAGY,CELL BIOLOGY & PHYSIOLOGY
HUINING,,KANG,INTERNAL MEDICINE
PATRICIA,L,KAPSNER,INTERNAL MEDICINE
HANNAH,A,KASTENBAUM,PATHOLOGY
NIKKI,,KATALANOS,FAMILY & COMMUNITY MEDICINE
VIVEK,,KATUKURI,OBSTETRICS & GYNECOLOGY
JOANNA,G,KATZMAN,NEUROSURGERY
JEFFREY,W,KATZMAN,PSYCHIATRY & BEHAVIORAL SCIENCES
ARTHUR,,KAUFMAN,FAMILY & COMMUNITY MEDICINE
MARY,C,KAVEN,PSYCHIATRY & BEHAVIORAL SCIENCES
ARCHANA,,KAZA,INTERNAL MEDICINE
ASHLEY,A,KEILER GREEN,EMERGENCY MEDICINE
SUSAN,,KELLIE,INTERNAL MEDICINE
PRAKASHA,,KEMPAIAH,INTERNAL MEDICINE
GEORGE,E,KENNEDY,EMERGENCY MEDICINE
KATHLEEN,A,KENNEDY,OBSTETRICS & GYNECOLOGY
DENECE,O,KESLER,INTERNAL MEDICINE
LOREN,H,KETAI,RADIOLOGY
ERIKA,,KETTELER,SURGERY
LAWRENCE,G,KETTWICH,ANESTHESIOLOGY
MOHAMAD,H,KHAFAJA,PSYCHIATRY & BEHAVIORAL SCIENCES
RANIA,,KHAN,FAMILY & COMMUNITY MEDICINE
BILAL,M,KHAN,INTERNAL MEDICINE
SEPEHR,,KHASHAEI,INTERNAL MEDICINE
IRENA,B,KING,INTERNAL MEDICINE
MOLLY,K,KING,NEUROLOGY
CYNTHIA,,KING,PSYCHIATRY & BEHAVIORAL SCIENCES
DARRA,D,KINGSLEY,SURGERY
ANITA,Y,KINNEY,INTERNAL MEDICINE
MARTIN,G,KISTIN,INTERNAL MEDICINE
KATIE,,KIVLIGHAN,OBSTETRICS & GYNECOLOGY
MAGGIE,A,KLAPPAUF,FAMILY & COMMUNITY MEDICINE
JANICE,,KNOEFEL,NEUROLOGY
RANDALL,O,KNOTT,PEDIATRICS
PIYADASA,W,KODITUWAKKU,PEDIATRICS
CHERI,N,KOINIS,FAMILY & COMMUNITY MEDICINE
MIRIAM,S,KOMAROMY,INTERNAL MEDICINE
YUKO,M,KOMESU,OBSTETRICS & GYNECOLOGY
ALBERTA,,KONG,PEDIATRICS
KONSTANTIN,N,KONSTANTINOV,INTERNAL MEDICINE
EUGENE,,KOSHKIN,ANESTHESIOLOGY
ERIK,P,KRAAI,INTERNAL MEDICINE
TANIA,P,KRAAI,SURGERY
TESSA,,KRANTZ,OBSTETRICS & GYNECOLOGY
MARK,T,KRASBERG,NEUROSURGERY
AVRON,M,KRIECHMAN,PSYCHIATRY & BEHAVIORAL SCIENCES
PHILIP,J,KROTH,HEALTH SCIENCES LIBRARY & INFORMATICS CENTER
PHILIP,J,KROTH,INTERNAL MEDICINE
MONIKA,,KRZESNIAK-SWINARSKA,NEUROLOGY
WAYNE,,KUANG,SURGERY
DONNA,,KUSEWITT,PATHOLOGY
JOHN,F,KUTTESCH,PEDIATRICS
CARMELDA,,LABAZE,FAMILY & COMMUNITY MEDICINE
MARY,E,LACY,INTERNAL MEDICINE
ROBERT,,LAGRONE,ANESTHESIOLOGY
CRISTIAN,,LAGUILLO,FAMILY & COMMUNITY MEDICINE
CHRISTOPHE,G,LAMBERT,INTERNAL MEDICINE
REBECCA,H,LAMOUREUX,RADIOLOGY
MARK,,LANGSFELD,SURGERY
JENS,O,LANGSJOEN,INTERNAL MEDICINE
COURTNEY,M,LAPHAM-SIMPSON,EMERGENCY MEDICINE
RICHARD,S,LARSON,PATHOLOGY
WARREN,K,LASKEY,INTERNAL MEDICINE
SARAH,,LATHROP,PATHOLOGY
RICHARD,C,LAUER,INTERNAL MEDICINE
ELIZABETH,C,LAWRENCE,INTERNAL MEDICINE
ROBYN,,LAWTON,OBSTETRICS & GYNECOLOGY
RYAN,C,LEBARON,RADIOLOGY
PETER,J,LEBLANC,EMERGENCY MEDICINE
JUDY,,LEDMAN,PEDIATRICS
LINDSEY,M,LEE,DENTAL MEDICINE
SAMUEL,A,LEE,INTERNAL MEDICINE
JI-HYUN,,LEE,INTERNAL MEDICINE
DAVID,Y,LEE,INTERNAL MEDICINE
LAWRENCE,M,LEEMAN,FAMILY & COMMUNITY MEDICINE
REBECCA,S,LEENHEER,SURGERY
JOHN,A,LEGGOTT,FAMILY & COMMUNITY MEDICINE
MARY,E,LEMON,FAMILY & COMMUNITY MEDICINE
DAVID,G,LEMON,SURGERY
MICHAEL,C,LEO,EMERGENCY MEDICINE
PAUL,D,LESKO,ORTHOPAEDICS
EUGENE,A,LESSER,NEUROLOGY
ERIC,ROSS,LEVENSKY,PSYCHIATRY & BEHAVIORAL SCIENCES
ERIC,J,LEW,ORTHOPAEDICS
JEREMY,J,LEWIS,NEUROSURGERY
STEPHEN,F,LEWIS,PSYCHIATRY & BEHAVIORAL SCIENCES
DIANE,S,LIDKE,PATHOLOGY
MARGARET,A,LIEBERMAN,INTERNAL MEDICINE
BENNY,J,LIEM,INTERNAL MEDICINE
HENRY,CHIA-NAN,LIN,INTERNAL MEDICINE
DENISE,S,LIN,PSYCHIATRY & BEHAVIORAL SCIENCES
TAMARA,,LITTLES,OBSTETRICS & GYNECOLOGY
MEILIAN,,LIU,BIOCHEMISTRY & MOLECULAR BIOLOGY
EVELYN,L,LOCKHART,PATHOLOGY
DEMETRA,DEBBIE,LOGOTHETIS,DENTAL MEDICINE
ELIZABETH,,LOKICH,OBSTETRICS & GYNECOLOGY
LESLEY,C,LOMO,PATHOLOGY
JOSHUA,R,LOPEZ,EMERGENCY MEDICINE
LANIER,N,LOPEZ,PEDIATRICS
JULIET,M,LOPEZ,SURGERY
GAMALIEL,,LORENZO,RADIOLOGY
CHRISTINA,M,LOVATO,INTERNAL MEDICINE
JULIE,,LOVCHIK,INTERNAL MEDICINE
JON,C,LOVE,PEDIATRICS
JEAN,R,LOWE,PEDIATRICS
STEPHEN,W,LU,SURGERY
MARY,ELLEN,LUCHETTI,DERMATOLOGY
MATTHEW,M,LUKE,PATHOLOGY
JARED,,LUNKENHEIMER,FAMILY & COMMUNITY MEDICINE
LI,,LUO,INTERNAL MEDICINE
RICHARD,R,LYNN,EMERGENCY MEDICINE
THOMAS,Y,MA,INTERNAL MEDICINE
MARC,,MABRAY,RADIOLOGY
LINDA,M,MACDONALD,INTERNAL MEDICINE
DARRYL,J,MACIAS,EMERGENCY MEDICINE
PEGGY,C,MACLEAN,PEDIATRICS
YASMIN,,MAGDALENO,PEDIATRICS
ADITI,,MAJUMDAR,ORTHOPAEDICS
MICHAEL,A,MANDELL,MOLECULAR GENETICS & MICROBIOLOGY
SUBRAMANI,,MANI,INTERNAL MEDICINE
ANJU,,MANRAL,INTERNAL MEDICINE
BELINDA,A,MANTLE,SURGERY
JENNY,T,MAO,INTERNAL MEDICINE
JOHN,M,MAREK,SURGERY
JONATHAN,,MARINARO,EMERGENCY MEDICINE
JOHN,,MARKE,SURGERY
RICHARD,A,MARLAR,PATHOLOGY
LISA,A,MARR,INTERNAL MEDICINE
HUGH,B,MARTIN,ANESTHESIOLOGY
DAVID,R,MARTIN,PATHOLOGY
NANCY,L,MARTIN,PSYCHIATRY & BEHAVIORAL SCIENCES
MELISSA,L,MARTINEZ,INTERNAL MEDICINE
MICHAEL,J,MARTINEZ,SURGERY
ANGELA,,MARTZ,EMERGENCY MEDICINE
DANIEL,G,MASON,ANESTHESIOLOGY
LARRY,W,MASSIE,PATHOLOGY
BARBARA,J,MASTEN,PATHOLOGY
PAULA,L,MATA-MOLINA,PSYCHIATRY & BEHAVIORAL SCIENCES
BRUCE,V,MATHIS,SURGERY
KSENIA,,MATLAWSKA-WASOWSKA,PEDIATRICS
JESSIE,R,MAXWELL,PEDIATRICS
SHADI,,MAYASY,INTERNAL MEDICINE
JODI,R,MAYFIELD,PEDIATRICS
TREVOR,J,MAYSCHAK,EMERGENCY MEDICINE
SAMUEL,A,MCARTHUR,ORTHOPAEDICS
MELVINA,L,MCCABE,FAMILY & COMMUNITY MEDICINE
KATE,W,MCCALMONT,FAMILY & COMMUNITY MEDICINE
DENNIS,J,MCCANCE,PATHOLOGY
DENIS,M,MCCARTHY,INTERNAL MEDICINE
MOLLY,,MCCLAIN,FAMILY & COMMUNITY MEDICINE
CATHERINE,H,MCCLAIN,PEDIATRICS
JOANNE,,MCCLOSKEY,FAMILY & COMMUNITY MEDICINE
JEAN,A,MCDOUGALL,INTERNAL MEDICINE
KAREN,R,MCELFRESH,HEALTH SCIENCES LIBRARY & INFORMATICS CENTER
STEPHANIE,HUBBARD,MCGIRT,FAMILY & COMMUNITY MEDICINE
JANE,W,MCGRATH,PEDIATRICS
MARTHA,COLE,MCGREW,FAMILY & COMMUNITY MEDICINE
CHRISTOPHER,A,MCGREW,ORTHOPAEDICS
PAUL,G,MCGUIRE,CELL BIOLOGY & PHYSIOLOGY
ELIZABETH,A,MCGUIRE,INTERNAL MEDICINE
JASON,Q,MCKEE,SURGERY
ROHINI,,MCKEE,SURGERY
JAMES,VANCE,MCKINNELL,PEDIATRICS
HEATHER,M,MCKNIGHT,PEDIATRICS
SHELLY,J,MCLAUGHLIN,EMERGENCY MEDICINE
STEVEN,A,MCLAUGHLIN,EMERGENCY MEDICINE
ROBB,,MCLEAN,EMERGENCY MEDICINE
ALAN,R,MCLEAN,EMERGENCY MEDICINE
RAMADEVI,,MEDAVARAPU,INTERNAL MEDICINE
AMANDA,K,MEDORO,EMERGENCY MEDICINE
DUNCAN,A,MEIKLEJOHN,SURGERY
LANA,D,MELENDRES-GROVES,INTERNAL MEDICINE
NIKOLAOS,,MELLIOS,NEUROSCIENCES
DEANA,,MERCER,ORTHOPAEDICS
MICHELLE,,MERRET,ORTHOPAEDICS
GREGORY,J,MERTZ,INTERNAL MEDICINE
JAMES,,MESSEGEE,NEUROSURGERY
VIVECA,A,MEYER,PSYCHIATRY & BEHAVIORAL SCIENCES
LAURA,,MIGLIACCIO,OBSTETRICS & GYNECOLOGY
ELIZABETH,A,MIKOLA,ORTHOPAEDICS
MIRYAM,E,MILLER,EMERGENCY MEDICINE
JUSTIN,,MILLER,INTERNAL MEDICINE
RICHARD,ALAN,MILLER,ORTHOPAEDICS
SUSAN,S,MILLER,PSYCHIATRY & BEHAVIORAL SCIENCES
RACHEL,H,MILLER,PSYCHIATRY & BEHAVIORAL SCIENCES
HEIDI,J,MILLER,SURGERY
ERIN,D,MILLIGAN,NEUROSCIENCES
NATALIE,,MILLS,DERMATOLOGY
MONIKA,,MISHRA,NEUROLOGY
SHIRAZ,I,MISHRA,PEDIATRICS
JESSICA,A,MITCHELL,EMERGENCY MEDICINE
GARY,W,MLADY,RADIOLOGY
URVIJ,M,MODHIA,ORTHOPAEDICS
MAURICE,L,MOFFETT,FAMILY & COMMUNITY MEDICINE
LAILA,,MOHAMMAD,NEUROSURGERY
MOHEB,S,MONEIM,ORTHOPAEDICS
KRISTEL,N,MONTANO,PEDIATRICS
MARGARET,E,MONTOYA,FAMILY & COMMUNITY MEDICINE
MARIA,C,MONTOYA,OBSTETRICS & GYNECOLOGY
BRIAN,R,MOORE,EMERGENCY MEDICINE
REBECCA,H,MORAN,PEDIATRICS
JANICE,,MORANZ,DERMATOLOGY
MARCIA,L,MORIARTA,PEDIATRICS
SARAH,K,MORLEY,HEALTH SCIENCES LIBRARY & INFORMATICS CENTER
KATHY,L,MORRIS,OBSTETRICS & GYNECOLOGY
CHRISTOPHER,H,MORRIS,PSYCHIATRY & BEHAVIORAL SCIENCES
ANN,,MORRISON,INTERNAL MEDICINE
LESLIE,,MORRISON,NEUROLOGY
KATI,,MORRISON,PSYCHIATRY & BEHAVIORAL SCIENCES
RUSSELL,A,MORTON,NEUROSCIENCES
ELLEN,L,MOZURKEWICH,OBSTETRICS & GYNECOLOGY
PAULUS,,MRASS,MOLECULAR GENETICS & MICROBIOLOGY
BRETT,,MULAWKA,ORTHOPAEDICS
DAVID,JAMES,MULLEN,PSYCHIATRY & BEHAVIORAL SCIENCES
CAROLYN,Y,MULLER,OBSTETRICS & GYNECOLOGY
MARTHA,L,MULLER,PEDIATRICS
SANDRA,J,MURDOCK,PEDIATRICS
BRANDON,O,MURGUIA,INTERNAL MEDICINE
CRISTINA,M,MURRAY-KREZAN,INTERNAL MEDICINE
VINCENT,,MUSCARELLA,DERMATOLOGY
ORRIN,B,MYERS,FAMILY & COMMUNITY MEDICINE
ORRIN,B,MYERS,INTERNAL MEDICINE
MATTHEW,S,MYERS,RADIOLOGY
VIJAY,S,NAIK,CELL BIOLOGY & PHYSIOLOGY
JAY,,NAIK,CELL BIOLOGY & PHYSIOLOGY
JASMINE,,NANEZ,FAMILY & COMMUNITY MEDICINE
KATRINA,,NARDINI,OBSTETRICS & GYNECOLOGY
WILLIAM,E,NARROW,PSYCHIATRY & BEHAVIORAL SCIENCES
JACOB,L,NASH,HEALTH SCIENCES LIBRARY & INFORMATICS CENTER
CHRISTINE,N,NATHE,DENTAL MEDICINE
DEVON,A,NEALE,INTERNAL MEDICINE
BRIAN,C,NEES,EMERGENCY MEDICINE
SYLVIA,,NEGRETE,PEDIATRICS
LEAH,F,NELSON,FAMILY & COMMUNITY MEDICINE
STUART,J,NELSON,HEALTH SCIENCES LIBRARY & INFORMATICS CENTER
HOLLY,C,NELSON,PEDIATRICS
MICHAEL,T,NELSON,SURGERY
EDWIN,,NEMOTO,NEUROSURGERY
SCOTT,A,NESS,INTERNAL MEDICINE
AARON,K,NEUMANN,PATHOLOGY
SHARON,L,NEWBILL,FAMILY & COMMUNITY MEDICINE
DREW,,NEWHOFF,ORTHOPAEDICS
YUE-HARN,,NG,INTERNAL MEDICINE
STEVEN,,NGUYEN,FAMILY & COMMUNITY MEDICINE
ELIZABETH,,NICHOLAS,FAMILY & COMMUNITY MEDICINE
SHALON,M,NIENOW,PEDIATRICS
PRASHANT,,NIGHOT,INTERNAL MEDICINE
MEGHALI,,NIGHOT,INTERNAL MEDICINE
CARA,,NINAVAGGIO,OBSTETRICS & GYNECOLOGY
ITZHAK,,NIR,SURGERY
KURT,B,NOLTE,PATHOLOGY
TATSUYA,,NORII,EMERGENCY MEDICINE
LEONARD,E,NORONHA,INTERNAL MEDICINE
CHARLES,Q,NORTH,FAMILY & COMMUNITY MEDICINE
GAIL,,NORTON,FAMILY & COMMUNITY MEDICINE
SCOTT,V,NORVILLE,INTERNAL MEDICINE
GEORGE,H,NURNBERG,PSYCHIATRY & BEHAVIORAL SCIENCES
PATRICK,E,NYE,RADIOLOGY
KEVIN,C,O'HAIR,PATHOLOGY
KEVIN,,OHAIR,PATHOLOGY
ROBIN,K,OHLS,PEDIATRICS
GARTH,T,OLSON,SURGERY
DAVID,S,OLSON,INTERNAL MEDICINE
LAUREN,,OOMMEN,NEUROLOGY
JULIA,E,OPPENHEIMER,PEDIATRICS
TUDOR,I,OPREA,INTERNAL MEDICINE
ROBERT,A,ORLANDO,BIOCHEMISTRY & MOLECULAR BIOLOGY
MARCY,,OSGOOD,BIOCHEMISTRY & MOLECULAR BIOLOGY
MARY,ANN,OSLEY,MOLECULAR GENETICS & MICROBIOLOGY
GARY,D,OVERTURF,PEDIATRICS
MICHELLE,A,OZBUN,MOLECULAR GENETICS & MICROBIOLOGY
MARIO,,PACHECO,FAMILY & COMMUNITY MEDICINE
STEVEN ,R,PADILLA,DERMATOLOGY
JOSE,A,PADIN-ROSADO,NEUROLOGY
KIMBERLY,A,PAGE,INTERNAL MEDICINE
JANET,M,PAGE-REEVES,FAMILY & COMMUNITY MEDICINE
KIRA,A,PAISLEY,FAMILY & COMMUNITY MEDICINE
TOBY,B,PALLEY,FAMILY & COMMUNITY MEDICINE
CHARLES,,PALMER,DERMATOLOGY
PRAMOD,V,PANIKKATH,ANESTHESIOLOGY
VERNON,S,PANKRATZ,INTERNAL MEDICINE
LUCILLE,A,PAPILE,PEDIATRICS
SUGUNA,,PAPPU,NEUROSURGERY
ALISHA,N,PARADA,INTERNAL MEDICINE
GULSHAN,,PARASHER,INTERNAL MEDICINE
KALYAN,R,PARASHETTE,PEDIATRICS
LINDA,DIANE,PARHAM,PEDIATRICS
GRACE,J,PARK,EMERGENCY MEDICINE
TASSY,,PARKER,FAMILY & COMMUNITY MEDICINE
KARLETT,J,PARRA,BIOCHEMISTRY & MOLECULAR BIOLOGY
ANDREW,,PARSONS,ORTHOPAEDICS
DONALD,L,PARTRIDGE,NEUROSCIENCES
JODI,,PARUNGAO,FAMILY & COMMUNITY MEDICINE
RENATA,,PASQUALINI,INTERNAL MEDICINE
ANDREW,J,PATERSON,ORTHOPAEDICS
YEHUDA,Z,PATT,INTERNAL MEDICINE
CHRISTINA,,PATTERSON,PSYCHIATRY & BEHAVIORAL SCIENCES
SUROJIT,,PAUL,NEUROLOGY
IAN,D,PAUL,PATHOLOGY
JASMEET,,PAUL,SURGERY
BRIELLE,,PAYNE,ORTHOPAEDICS
DAVID,S,PEABODY,MOLECULAR GENETICS & MICROBIOLOGY
TONY,,PEDRI,ORTHOPAEDICS
MARK,H,PEDROTTY,PEDIATRICS
LINDA,J,PENALOZA,PEDIATRICS
JUDITH,E,PENTZ,PSYCHIATRY & BEHAVIORAL SCIENCES
GLORIA,G,PERALTA,INTERNAL MEDICINE
BRENDA,M,PEREDA,OBSTETRICS & GYNECOLOGY
DOUGLAS,J,PERKINS,INTERNAL MEDICINE
NORA,I,PERRONE-BIZZOZERO,NEUROSCIENCES
SHARON,T,PHELAN,OBSTETRICS & GYNECOLOGY
JOYCE,F,PHILLIPS,ANESTHESIOLOGY
JENNIFER,K,PHILLIPS,FAMILY & COMMUNITY MEDICINE
JOHN,P,PHILLIPS,NEUROLOGY
VICTOR,,PHUOC,SURGERY
BRADLEY,P,PICKETT,SURGERY
SURYA,J,PIERCE,INTERNAL MEDICINE
JOHN,RUSH,PIERCE,INTERNAL MEDICINE
RUSH,,PIERCE,INTERNAL MEDICINE
SUKI,,PIERCE,ORTHOPAEDICS
LAURA,M,PINAULT,ANESTHESIOLOGY
SARAH,E,PIRIO RICHARDSON,NEUROLOGY
DAVID,E,PITCHER,SURGERY
VICKI,,PIZANIS,DENTAL MEDICINE
CHARLES,A,PIZANIS,INTERNAL MEDICINE
SCOTT,,PLASTER,ORTHOPAEDICS
RANJANA,,PODDAR,NEUROLOGY
JENNIFER,,POHL,RADIOLOGY
JORDAN,,POLANDER,ORTHOPAEDICS
JANET,L,POOLE,PEDIATRICS
SARAH,M,POPEK,SURGERY
VIRGINIA,,PORTERFIELD,PSYCHIATRY & BEHAVIORAL SCIENCES
STEFAN,,POSSE,NEUROLOGY
IAN,,POWER,ORTHOPAEDICS
SANGEETHA,,PRABHAKARAN,SURGERY
ARTI,,PRASAD,INTERNAL MEDICINE
HEATHER,A,PRATT-CHAVEZ,PEDIATRICS
MERIDETH,R,PREVOST,INTERNAL MEDICINE
CHRISTINA,,PRICE,EMERGENCY MEDICINE
AMBER,,PRICE,ORTHOPAEDICS
AARON,,PRITCHARD,PATHOLOGY
LORI,A,PROE,PATHOLOGY
ERIC,R,PROSSNITZ,INTERNAL MEDICINE
SANDRA,,QASEEM,INTERNAL MEDICINE
FARES,,QEADAN,INTERNAL MEDICINE
DAVIN,K,QUINN,PSYCHIATRY & BEHAVIORAL SCIENCES
DULCINEA,D,QUINTANA,INTERNAL MEDICINE
IAN,,RABINOWITZ,INTERNAL MEDICINE
JENNIFER,M,RAEL,PEDIATRICS
VINAY,K,RAI,SURGERY
VEENA,,RAIZADA,INTERNAL MEDICINE
KAVITA,,RAJASEKHAR,INTERNAL MEDICINE
ASHWANI,,RAJPUT,SURGERY
DAVID,P,RAKEL,FAMILY & COMMUNITY MEDICINE
FRANK,,RALLS,INTERNAL MEDICINE
HARISH,,RAM,ANESTHESIOLOGY
MARY,M,RAMOS,PEDIATRICS
MUHAMMAD ALI,A,RANA,SURGERY
ALEXANDER,Z,RANKIN,FAMILY & COMMUNITY MEDICINE
DEEPTI,,RAO,INTERNAL MEDICINE
JOHN,P,RASK,ANESTHESIOLOGY
MICHELLE,D,RATLIFF,INTERNAL MEDICINE
WILLIAM,F,RAYBURN,OBSTETRICS & GYNECOLOGY
LIMOR,,RAZ,NEUROLOGY
NATHAN,W,REDISKE,PSYCHIATRY & BEHAVIORAL SCIENCES
JAMES,J,REESE,NEUROLOGY
ALYA,,REEVE,PSYCHIATRY & BEHAVIORAL SCIENCES
AARON,J,REILLY,EMERGENCY MEDICINE
DIAN,M,REISINGER,DERMATOLOGY
PATRICK,A,RENDON,INTERNAL MEDICINE
THOMAS,,RESTA,CELL BIOLOGY & PHYSIOLOGY
KATHLEEN,L,REYES,ANESTHESIOLOGY
TANYA,,REYES,FAMILY & COMMUNITY MEDICINE
MICHAEL,D,REYES,PATHOLOGY
SAMUEL,J,REYNOLDS,PATHOLOGY
MEREDITH,,REYNOLDS,PEDIATRICS
ROBERT,L,RHYNE,FAMILY & COMMUNITY MEDICINE
MARCO,,RICCI,SURGERY
MICHAEL,E,RICHARDS,EMERGENCY MEDICINE
ALLYSON,A,RICHARDS,RADIOLOGY
DUSTIN,L,RICHTER,ORTHOPAEDICS
JENNIFER,K,RIELAGE,PSYCHIATRY & BEHAVIORAL SCIENCES
DANIEL,J,RIFKIN,PEDIATRICS
JULIE,M,RILEY,SURGERY
DIANE,,RIMPLE,EMERGENCY MEDICINE
ARIEL,,RIVAS,INTERNAL MEDICINE
WILLIAM,E,RIVERS,NEUROSURGERY
OLIVIER,,RIXE,INTERNAL MEDICINE
DAVID,N,ROBBINS,SURGERY
KATHLYNN,K,ROBERTS,RADIOLOGY
JOSHUA,,ROBERTSON,RADIOLOGY
AMY,L,ROBINSON,INTERNAL MEDICINE
RICHARD,,RODE,ORTHOPAEDICS
JUSTIN,J,ROESCH,INTERNAL MEDICINE
SHERRY,L,ROGERS,CELL BIOLOGY & PHYSIOLOGY
KENDALL,M,ROGERS,INTERNAL MEDICINE
FELISHA,C,ROHAN-MINJARES,FAMILY & COMMUNITY MEDICINE
MARK,,ROHRSCHEIB,INTERNAL MEDICINE
TAMARA,,ROITBAK,NEUROSURGERY
CARLOS,A,ROLDAN,INTERNAL MEDICINE
AMBER,D,ROLLSTIN,EMERGENCY MEDICINE
VALERIE,L,ROMERO-LEGGOTT,FAMILY & COMMUNITY MEDICINE
PAUL,E,ROMO,PSYCHIATRY & BEHAVIORAL SCIENCES
EDWARD,L,ROSE,PEDIATRICS
LINDA,,ROSE,SURGERY
LIZABETH,,ROSENBAUM,PATHOLOGY
CARRIE,E,ROSENBERG,ANESTHESIOLOGY
MARTINA,J,ROSENBERG,BIOCHEMISTRY & MOLECULAR BIOLOGY
GARY,A,ROSENBERG,NEUROLOGY
RANDY,L,ROSETT,ANESTHESIOLOGY
PAUL,B,ROTH,EMERGENCY MEDICINE
MARIA-ELENI,,ROUMELIOTI,INTERNAL MEDICINE
ROBERT,,RUBIN,MOLECULAR GENETICS & MICROBIOLOGY
ROBERT,,RUDAWSKY,ANESTHESIOLOGY
BLAVIR,,RUKOV,INTERNAL MEDICINE
RACHEL,E,RUNDE,RADIOLOGY
ANDREW,,RUSSELL,FAMILY & COMMUNITY MEDICINE
JOHN,C,RUSSELL,SURGERY
TARUN,,RUSTAGI,INTERNAL MEDICINE
TERESA,L,RUTLEDGE,OBSTETRICS & GYNECOLOGY
LAURA,,SAAVEDRA,FAMILY & COMMUNITY MEDICINE
RASHMI,,SABU,PSYCHIATRY & BEHAVIORAL SCIENCES
JOSEPH,R,SADEK,PSYCHIATRY & BEHAVIORAL SCIENCES
ALI,I,SAEED,INTERNAL MEDICINE
LINDA,C,SALAND,NEUROSCIENCES
CHRISTINA,,SALAS,ORTHOPAEDICS
JENNIFER,L,SALINE,RADIOLOGY
ANNAHITA,,SALLMYR,INTERNAL MEDICINE
JULIE,G,SALVADOR,PSYCHIATRY & BEHAVIORAL SCIENCES
VON,G,SAMEDI,PATHOLOGY
AMRITA,,SAMRA,FAMILY & COMMUNITY MEDICINE
BRADLEY,W,SAMUEL,FAMILY & COMMUNITY MEDICINE
SAMANTHA,,SANCHEZ,FAMILY & COMMUNITY MEDICINE
CARLOS,,SANCHEZ,NEUROSURGERY
MELISSA,A,SANCHEZ,PEDIATRICS
HEIDI,M,SANDERS,PEDIATRICS
DANIEL,J,SANDOVAL,RADIOLOGY
KAREN,S,SANTACRUZ,PATHOLOGY
MARGARITA,,SANTIAGO-TORRES,INTERNAL MEDICINE
ROBERT,E,SAPIEN,EMERGENCY MEDICINE
DUSADEE,,SARANGARM,EMERGENCY MEDICINE
HUSSAINA,Y,SARIA,NEUROLOGY
SAVERIO,,SAVA,FAMILY & COMMUNITY MEDICINE
DANIEL,0,SAVAGE,NEUROSCIENCES
DAVID,S,SCHADE,INTERNAL MEDICINE
WILLIAM,G,SCHAEFFER,RADIOLOGY
ROBERT,C,SCHENCK,ORTHOPAEDICS
OLEKSANDR,,SCHEVCHUCK,INTERNAL MEDICINE
ALEX,,SCHEVCHUCK,INTERNAL MEDICINE
MELISSA,A,SCHIFF,INTERNAL MEDICINE
JODI,R,SCHILZ,ORTHOPAEDICS
GREGG,W,SCHMEDES,SURGERY
THOMAS,M,SCHROEDER,INTERNAL MEDICINE
MARK,R,SCHUYLER,INTERNAL MEDICINE
JESS,D,SCHWARTZ,SURGERY
JAMES,C,SCOTT,ANESTHESIOLOGY
GRANT,N,SCOTT,EMERGENCY MEDICINE
ARIEL,,SCOTT,FAMILY & COMMUNITY MEDICINE
SETH,,SCOTT,INTERNAL MEDICINE
SUSAN,M,SCOTT,PEDIATRICS
DAVID,R,SCRASE,INTERNAL MEDICINE
EMILIE,ANN,SEBESTA,PEDIATRICS
PHILIP,D,SEIDENBERG,EMERGENCY MEDICINE
STEVEN,A,SEIFERT,EMERGENCY MEDICINE
KATHERINE,,SELIGMAN,ANESTHESIOLOGY
JAMES,,SELL,RADIOLOGY
REED,G,SELWYN,RADIOLOGY
KAREN,S,SERVILLA,INTERNAL MEDICINE
AISHA,,SETHI,PATHOLOGY
SAEED,K,SHAFFI,INTERNAL MEDICINE
VALLABH,O,SHAH,BIOCHEMISTRY & MOLECULAR BIOLOGY
SATYAN,K,SHAH,SURGERY
LIAT,N,SHAMA,SURGERY
DANIEL,J,SHANK,INTERNAL MEDICINE
NATHANIEL,G,SHARON,PSYCHIATRY & BEHAVIORAL SCIENCES
MARK,W,SHELDON,INTERNAL MEDICINE
BRIAN,M,SHELLEY,FAMILY & COMMUNITY MEDICINE
MARTHA,,SHERLIN,PATHOLOGY
ANIL,K R,SHETTY,SURGERY
LAURA,E,SHEVY,INTERNAL MEDICINE
MASOUD,,SHIEHMORTEZA,RADIOLOGY
KIMURA,,SHIHOKO,NEUROLOGY
PETER,C,SHIN,NEUROSURGERY
SUSAN,O,SHOWERS,INTERNAL MEDICINE
CHRISTOPHER,,SHULTZ,ORTHOPAEDICS
SERENA,,SHUNG,FAMILY & COMMUNITY MEDICINE
CLAUDE,W R,SHUTTLEWORTH,NEUROSCIENCES
WILLIAM,,SHUTTLEWORTH,NEUROSCIENCES
WILMER,L,SIBBITT,INTERNAL MEDICINE
SHAWN,S,SIDHU,PSYCHIATRY & BEHAVIORAL SCIENCES
DAVID,W,SIEGEL,ANESTHESIOLOGY
PATRICIA,C,SIEGEL,PEDIATRICS
DONNA,M,SIGL,PSYCHIATRY & BEHAVIORAL SCIENCES
LAUREL,O,SILLERUD,NEUROLOGY
SELINA,R,SILVA,ORTHOPAEDICS
HELENE,B,SILVERBLATT,PSYCHIATRY & BEHAVIORAL SCIENCES
MICHAEL,C,SIMMONS,RADIOLOGY
CONOR,,SIMMONS,RADIOLOGY
BRITTANY,,SIMPLICIO,OBSTETRICS & GYNECOLOGY
COURTNEY,LAPHAM,SIMPSON,EMERGENCY MEDICINE
ANNE,,SIMPSON,INTERNAL MEDICINE
PEDRO,B,SIMPSON,PSYCHIATRY & BEHAVIORAL SCIENCES
MITCHELL,J,SIMSON,INTERNAL MEDICINE
DEEPTEJ,,SINGH,DERMATOLOGY
GURDEEP,,SINGH,INTERNAL MEDICINE
POOJA,,SINGH,INTERNAL MEDICINE
SUDHA,B,SINGH,INTERNAL MEDICINE
RAMEET,,SINGH,OBSTETRICS & GYNECOLOGY
VEENA,D,SINGH,PATHOLOGY
NEELEMA,,SINHA,ANESTHESIOLOGY
KEVIN,,SITKO,SURGERY
SARA,E,SKARBEK-BOROWSKA,EMERGENCY MEDICINE
WILLIAM,JAMES,SKELLY,ORTHOPAEDICS
BETTY,J,SKIPPER,FAMILY & COMMUNITY MEDICINE
DAVID,P,SKLAR,EMERGENCY MEDICINE
LARRY,A,SKLAR,PATHOLOGY
TREY,,SLAUTER,RADIOLOGY
LINDSAY,E,SMART,PSYCHIATRY & BEHAVIORAL SCIENCES
AIMEE,C,SMIDT,DERMATOLOGY
LINDA,A,SMOKER,FAMILY & COMMUNITY MEDICINE
RICHARD,,SNIDER,INTERNAL MEDICINE
BRIAN,G,SOLAN,FAMILY & COMMUNITY MEDICINE
JUSTIN,J,SOMMER,PEDIATRICS
CODRUTA,N,SONERU,ANESTHESIOLOGY
AKSHAY,,SOOD,INTERNAL MEDICINE
DANIELLE,E,SORTE,RADIOLOGY
PATRICIA,E,SOUCHON-SANCHEZ,SURGERY
KRISTINA,S,SOWAR,PSYCHIATRY & BEHAVIORAL SCIENCES
MICHAEL,F,SPAFFORD,SURGERY
JOANNE,K,SPARROW,PSYCHIATRY & BEHAVIORAL SCIENCES
MARY,A,SPIVEY,INTERNAL MEDICINE
AMY,O,STAPLES,PEDIATRICS
FERNANDA,I,STAQUICINI,INTERNAL MEDICINE
ROBERT,,STARLING,NEUROSURGERY
BRIAN,J,STARR,ANESTHESIOLOGY
ELIZABETH,,STEELE,ANESTHESIOLOGY
BEATRICE,,STEFANESCU,PEDIATRICS
AISSA,,STEINER,FAMILY & COMMUNITY MEDICINE
MARA,P,STEINKAMP,PATHOLOGY
ALEX,B,STELZNER,PEDIATRICS
SHELLY,A,STEPENASKIE,DERMATOLOGY
STEVEN,E,STOCKDALE,HEALTH SCIENCES LIBRARY & INFORMATICS CENTER
JODY,L,STONEHOCKER,OBSTETRICS & GYNECOLOGY
ROBERT,G,STRICKLAND,INTERNAL MEDICINE
LESLIE,,STRICKLER,PEDIATRICS
DAVID,G,STROMBERG,FAMILY & COMMUNITY MEDICINE
SHANNON,F,STROMBERG,PSYCHIATRY & BEHAVIORAL SCIENCES
BRUCE,H B,STRUMINGER,INTERNAL MEDICINE
KATHRYN,,STUENKEL,FAMILY & COMMUNITY MEDICINE
DANIEL,L,STULBERG,DERMATOLOGY
DANIEL,L,STULBERG,FAMILY & COMMUNITY MEDICINE
ANJALI,V,SUBBASWAMY,PEDIATRICS
YIJUAN,,SUN,INTERNAL MEDICINE
ANDREW,L,SUSSMAN,FAMILY & COMMUNITY MEDICINE
MARY,B,SUTTER,FAMILY & COMMUNITY MEDICINE
NAOMI,Y,SWANSON,OBSTETRICS & GYNECOLOGY
KJIRSTEN,A,SWENSON,EMERGENCY MEDICINE
SARA,,SWIDEREK,FAMILY & COMMUNITY MEDICINE
EVA,E,SZABO,ANESTHESIOLOGY
EVAN,B,TABER,OBSTETRICS & GYNECOLOGY
STEVEN,R,TANDBERG,RADIOLOGY
AMY,,TARNOWER,INTERNAL MEDICINE
ELIZABETH,,TARRANT,OBSTETRICS & GYNECOLOGY
NORMAN,,TASLITZ,FAMILY & COMMUNITY MEDICINE
ISAAC,,TAWIL,EMERGENCY MEDICINE
CHRISTOPHER,L,TAYLOR,NEUROSURGERY
BETSY,J,TAYLOR,OBSTETRICS & GYNECOLOGY
DENISE,,TAYLOR,PEDIATRICS
ROBERT,,TELEPAK,RADIOLOGY
ALEX,,TELIS,ORTHOPAEDICS
MATTHEW,A,TENNISON,EMERGENCY MEDICINE
SILANATH,,TERPENNING,RADIOLOGY
LAUREN,D,THAXTON,OBSTETRICS & GYNECOLOGY
ROBERT,J,THOMA,PSYCHIATRY & BEHAVIORAL SCIENCES
ELAINE,,THOMAS,INTERNAL MEDICINE
WILLIAM,M,THOMPSON,INTERNAL MEDICINE
JENNIFER,,THOMPSON,OBSTETRICS & GYNECOLOGY
WILLIAM,M,THOMPSON,RADIOLOGY
KARLA,A,THORNTON,INTERNAL MEDICINE
SARA,E,THORP,FAMILY & COMMUNITY MEDICINE
CRAIG,T,TIMM,INTERNAL MEDICINE
CHANDLER,,TODD,PEDIATRICS
MAURICIO,,TOHEN,PSYCHIATRY & BEHAVIORAL SCIENCES
ANGELO,,TOMEDI,FAMILY & COMMUNITY MEDICINE
ALAN,E,TOMKINSON,INTERNAL MEDICINE
ELI,L,TORGESON,ANESTHESIOLOGY
EURIKO,G,TORRAZZA PEREZ,INTERNAL MEDICINE
JOAQUIN,,TOSI,SURGERY
HUY,Q,TRAN,NEUROSURGERY
HIEN,,TRAN,OBSTETRICS & GYNECOLOGY
GEHRON,P,TREME,ORTHOPAEDICS
JOHN,A,TROTTER,CELL BIOLOGY & PHYSIOLOGY
JASON,E,TRUJILLO,ANESTHESIOLOGY
KRISTINA,A,TRUJILLO,CELL BIOLOGY & PHYSIOLOGY
LYNNETTE,,TRUJILLO,RADIOLOGY
NATHANIA,T,TSOSIE,FAMILY & COMMUNITY MEDICINE
ERIC,,TUERS,FAMILY & COMMUNITY MEDICINE
RACHEL,E,TUURI,EMERGENCY MEDICINE
BERTHOLD,E,UMLAND,FAMILY & COMMUNITY MEDICINE
MARK,L,UNRUH,INTERNAL MEDICINE
BRYAN,D,UPHAM,EMERGENCY MEDICINE
DONA,J,UPSON,INTERNAL MEDICINE
NICOLE,J,URREA,PEDIATRICS
OLEG,,URSU,INTERNAL MEDICINE
FIROZ,S,VAGH,ANESTHESIOLOGY
ROBERT,O,VALDEZ,FAMILY & COMMUNITY MEDICINE
CELIA,B,VALDEZ,FAMILY & COMMUNITY MEDICINE
LORENE,S,VALDEZ-BOYLE,SURGERY
CARLOS,F,VALENZUELA,NEUROSCIENCES
FERNANDO,,VALENZUELA,NEUROSCIENCES
EMILIANO,J,VALLES,PSYCHIATRY & BEHAVIORAL SCIENCES
PAUL,R,VANTINE,RADIOLOGY
MOHAMMAD,A,VASEF,PATHOLOGY
MARIA,C,VAZQUEZ GUILLAMET,INTERNAL MEDICINE
RODRIGO,,VAZQUEZ GUILLAMET,INTERNAL MEDICINE
JANET,L,VEESART,EMERGENCY MEDICINE
ANDREW,J,VEITCH,ORTHOPAEDICS
SALLY,A,VENDER,ANESTHESIOLOGY
KATELYN,K,VERTUCCI,PSYCHIATRY & BEHAVIORAL SCIENCES
JENNIFER,ANN,VICKERS,NEUROLOGY
JENNIVER,ANN,VICKERS,PEDIATRICS
BENJAMIN,,VIDALIS,NEUROSURGERY
DARLENE,M,VIGIL,INTERNAL MEDICINE
TERESA,A,VIGIL,PEDIATRICS
ANTHONY,R,VIGIL,SURGERY
MARINA,CARDO,VILA,INTERNAL MEDICINE
GERARDO,,VILLARREAL,PSYCHIATRY & BEHAVIORAL SCIENCES
PHUNG,,VO,FAMILY & COMMUNITY MEDICINE
APRIL,H,VOLK,INTERNAL MEDICINE
NICHOLAS,A,VOLPICELLI,INTERNAL MEDICINE
ZOYA,,VORONOVICH,NEUROSURGERY
DAVID,A,WACHTER,EMERGENCY MEDICINE
DANIEL,P,WALDMAN,FAMILY & COMMUNITY MEDICINE
VIRGINIA,A,WALDORF,PSYCHIATRY & BEHAVIORAL SCIENCES
ANN,,WALDORF,PSYCHIATRY & BEHAVIORAL SCIENCES
BENJIMEN,R,WALKER,CELL BIOLOGY & PHYSIOLOGY
MATTHEW,,WALSH,EMERGENCY MEDICINE
GUANGHUA,,WAN,SURGERY
ANGELA,,WANDINGER-NESS,PATHOLOGY
MING-LI,,WANG,SURGERY
HEATHER,,WARD,INTERNAL MEDICINE
TEDDY,D,WARNER,FAMILY & COMMUNITY MEDICINE
EVA,,WARNER,OBSTETRICS & GYNECOLOGY
BRANDON,J,WARRICK,EMERGENCY MEDICINE
DANIEL,C,WASCHER,ORTHOPAEDICS
JORY,,WASSERBURGER,ORTHOPAEDICS
PHILIP,H,WATKINS,SURGERY
HANNAH,,WATSON,FAMILY & COMMUNITY MEDICINE
KRISTI,L,WATTERBERG,PEDIATRICS
ALAN,G,WAXMAN,OBSTETRICS & GYNECOLOGY
JENNIFER,S,WEAVER,RADIOLOGY
HEATHER,,WEBB,EMERGENCY MEDICINE
AMELIE,,WEGNER,FAMILY & COMMUNITY MEDICINE
JASON,P,WEICK,NEUROSCIENCES
ELIZABETH,R,WEIL,PSYCHIATRY & BEHAVIORAL SCIENCES
LIMOR,RAZ,WEINSTEIN,NEUROLOGY
STEVEN,J,WEISS,EMERGENCY MEDICINE
SHERRY,H,WEITZEN,FAMILY & COMMUNITY MEDICINE
JORGE,A,WERNLY,SURGERY
AMBER,,WEST,ORTHOPAEDICS
SONLEE,D,WEST,SURGERY
MATTHEW,,WHARTON,ORTHOPAEDICS
WALKER,,WHARTON,PATHOLOGY
COSETTE,M,WHEELER,PATHOLOGY
CHELSEA,,WHITE,EMERGENCY MEDICINE
JENNA,MB,WHITE,EMERGENCY MEDICINE
CHELSEA,C,WHITE IV,EMERGENCY MEDICINE
SAUL,,WIESEL,ANESTHESIOLOGY
PHILIP,W,WIEST,RADIOLOGY
CHARLES,L,WIGGINS,INTERNAL MEDICINE
KATARZYNA,,WILAMOWSKA,FAMILY & COMMUNITY MEDICINE
CLAIRE,E,WILCOX,PSYCHIATRY & BEHAVIORAL SCIENCES
CARLA,S,WILHITE,PEDIATRICS
MATTHEW,A,WILKS,EMERGENCY MEDICINE
JASON,D,WILLIAMS,EMERGENCY MEDICINE
BYRCH,E,WILLIAMS,FAMILY & COMMUNITY MEDICINE
ROBERT,L,WILLIAMS,FAMILY & COMMUNITY MEDICINE
STEVEN,BRUCE,WILLIAMS,INTERNAL MEDICINE
BRUCE,,WILLIAMS,INTERNAL MEDICINE
MARETH,E,WILLIAMS,PEDIATRICS
CADY,,WILLIAMS,PSYCHIATRY & BEHAVIORAL SCIENCES
JESSICA,B,WILLIAMS,RADIOLOGY
KEVIN,T,WILLIAMS,RADIOLOGY
SUSAN,L,WILLIAMSON,RADIOLOGY
MICHAEL,R,WILLIAMSON,RADIOLOGY
CHERYL,L,WILLMAN,PATHOLOGY
MATTHEW,,WILSON,FAMILY & COMMUNITY MEDICINE
BRONWYN,E,WILSON,INTERNAL MEDICINE
BRIDGET,S,WILSON,PATHOLOGY
CARLA,S,WILSON,PATHOLOGY
COLIN,M,WILSON,RADIOLOGY
JASON,M,WILSON,SURGERY
KATY,,WILTZ,DERMATOLOGY
STUART,S,WINTER,PEDIATRICS
JAY,,WOJCIK,ORTHOPAEDICS
CRAIG,S,WONG,PEDIATRICS
BRYAN,C,WOOD,INTERNAL MEDICINE
ANTHONY,,WORSHAM,INTERNAL MEDICINE
MEGAN,S,WOSLAGER,PEDIATRICS
TRENTON,C,WRAY,EMERGENCY MEDICINE
TERRY,,WU,INTERNAL MEDICINE
JIN,,WU,PATHOLOGY
EUGENE,CHI-HWA,WU,SURGERY
JEFFREY,Y,WU,SURGERY
LAURA,M,WYLIE,FAMILY & COMMUNITY MEDICINE
ZHI,Q,XU,INTERNAL MEDICINE
XUEXIAN,,YANG,MOLECULAR GENETICS & MICROBIOLOGY
YI,,YANG,NEUROLOGY
SHANGXIN,,YANG,PATHOLOGY
MICHAEL,,YAO,PEDIATRICS
SAID,F,YASSIN,SURGERY
JEROME,P,YATSKOWITZ,INTERNAL MEDICINE
KENNETH,M,YAW,ORTHOPAEDICS
SHELDWIN,A,YAZZIE,INTERNAL MEDICINE
ELLEN,F,YEE,INTERNAL MEDICINE
TONY,C,YEN,ANESTHESIOLOGY
EMRULLAH,,YILMAZ,INTERNAL MEDICINE
HOWARD,,YONAS,NEUROSURGERY
NICOLE,J,YONKE,FAMILY & COMMUNITY MEDICINE
MOON,,YOON,FAMILY & COMMUNITY MEDICINE
YURI,,YOSHIDA,ORTHOPAEDICS
STEPHEN,A,YOUNG,PATHOLOGY
ELIZABETH,K,YOUNG,RADIOLOGY
SEMIRAMIS,S,YOUSSOF,NEUROLOGY
ATIF,,ZAFAR,NEUROLOGY
DARA,,ZAFRAN,PEDIATRICS
PHILIP,G,ZAGER,INTERNAL MEDICINE
ELEANA,M,ZAMORA,INTERNAL MEDICINE
TONGSHENG,,ZHANG,NEUROSURGERY
QIAN-YUN,,ZHANG,PATHOLOGY
YILIANG,,ZHU,INTERNAL MEDICINE
JULIA,C,ZIGARELLI,PSYCHIATRY & BEHAVIORAL SCIENCES
WILLIAM,D,ZIMMER,RADIOLOGY
ARPAD,,ZOLYOMI,ANESTHESIOLOGY
ROSS,E,ZUMWALT,PATHOLOGY
